{
  "id": "9fef6a13-324b-403e-8bbb-92738b99e930",
  "name": "wordcounts",
  "isOverridable": true,
  "entries": [
    {
      "value": "one",
      "synonyms": [
        "1",
        "first",
        "1st",
        "o",
        "First",
        "one"
      ]
    },
    {
      "value": "two",
      "synonyms": [
        "two",
        "second",
        "2nd",
        "2"
      ]
    },
    {
      "value": "three",
      "synonyms": [
        "three",
        "third",
        "3",
        "3rd"
      ]
    },
    {
      "value": "four",
      "synonyms": [
        "four",
        "fourth",
        "4th",
        "Four",
        "Fourth"
      ]
    },
    {
      "value": "Five",
      "synonyms": [
        "Five",
        "Fifth",
        "5th",
        "5",
        "five"
      ]
    }
  ],
  "isEnum": false,
  "automatedExpansion": true
}